filename,source,probe,class,org_width,org_height,cropped_filename,crp_width,crp_height,need_mask_after_crop,need_multiple_masks,frame_specific_masks,delete_frames_from_to,mask_main_filename,tight_inpainting,version,date_added
1_butterfly_covid.mp4,Butterfly,Convex,COVID,880,1080,1_butterfly_covid_prc.avi,820,820,yes,no,,,1_butterfly_covid_prc_convex_frame0_mask.jpg,no,1,Nov_2020
2_butterfly_covid.mp4,Butterfly,Convex,COVID,720,1236,2_butterfly_covid_prc.avi,624,624,yes,yes,"118-130, 134-139, 147-150","131-133, 143-146, 154-202, 210-813",2_butterfly_covid_prc_convex_frame0_mask.jpg,no,1,Nov_2020
3_butterfly_covid.mp4,Butterfly,Convex,COVID,1928,1080,3_butterfly_covid_prc.avi,1055,1055,yes,no,,,3_butterfly_covid_prc_convex_frame0_mask.jpg,no,1,Nov_2020
4_butterfly_covid.mp4,Butterfly,Convex,COVID,880,1080,4_butterfly_covid_prc.avi,820,820,yes,no,,,4_butterfly_covid_prc_convex_frame0_mask.jpg,no,1,Nov_2020
5_butterfly_covid.mp4,Butterfly,Convex,COVID,860,1080,5_butterfly_covid_prc.avi,810,810,yes,no,,,5_butterfly_covid_prc_convex_frame0_mask.jpg,no,1,Nov_2020
6_butterfly_covid.mp4,Butterfly,Convex,COVID,720,1236,6_butterfly_covid_prc.avi,642,642,yes,yes,"47-50,61,66-69,73-86,122-129","62-65,87-121,130-562",6_butterfly_covid_prc_convex_frame0_mask.jpg,no,1,Nov_2020
7_butterfly_covid.mp4,Butterfly,Convex,COVID,880,1080,7_butterfly_covid_prc.avi,820,820,yes,no,,,7_butterfly_covid_prc_convex_frame0_mask.jpg,no,1,Nov_2020
8_butterfly_covid.mp4,Butterfly,Convex,COVID,880,1080,8_butterfly_covid_prc.avi,820,820,yes,no,,,8_butterfly_covid_prc_convex_frame0_mask.jpg,no,1,Nov_2020
9_butterfly_covid.mp4,Butterfly,Convex,COVID,1928,1080,9_butterfly_covid_prc.avi,1055,1055,yes,no,,,9_butterfly_covid_prc_convex_frame0_mask.jpg,no,1,Nov_2020
10_butterfly_covid.mp4,Butterfly,Convex,COVID,736,1080,10_butterfly_covid_prc.avi,640,640,yes,no,,,10_butterfly_covid_prc_convex_frame0_mask.jpg,no,1,Nov_2020
11_butterfly_covid.mp4,Butterfly,Convex,COVID,624,1080,11_butterfly_covid_prc.avi,544,544,yes,no,,,11_butterfly_covid_prc_convex_frame0_mask.jpg,no,1,Nov_2020
12_butterfly_covid.mp4,Butterfly,Convex,COVID,880,1080,12_butterfly_covid_prc.avi,820,820,yes,no,,,12_butterfly_covid_prc_convex_frame0_mask.jpg,no,1,Nov_2020
13_butterfly_covid.mp4,Butterfly,Convex,COVID,880,1080,13_butterfly_covid_prc.avi,820,820,yes,no,,,13_butterfly_covid_prc_convex_frame0_mask.jpg,no,1,Nov_2020
14_butterfly_covid.mp4,Butterfly,Convex,COVID,880,1080,14_butterfly_covid_prc.avi,820,820,yes,no,,,14_butterfly_covid_prc_convex_frame0_mask.jpg,no,1,Nov_2020
15_butterfly_covid.mp4,Butterfly,Convex,COVID,1928,1080,15_butterfly_covid_prc.avi,1055,1055,yes,no,,,15_butterfly_covid_prc_convex_frame0_mask.jpg,no,1,Nov_2020
16_butterfly_covid.mp4,Butterfly,Convex,COVID,720,1236,16_butterfly_covid_prc.avi,634,634,yes,yes,"114-119,134-137,146-154,226-233,","131-133,143-145,155-225,234-374,380-402,412-433,465-699",16_butterfly_covid_prc_convex_frame0_mask.jpg,no,1,Nov_2020
17_butterfly_covid.mp4,Butterfly,Convex,COVID,1928,1080,17_butterfly_covid_prc.avi,1055,1055,yes,no,,,17_butterfly_covid_prc_convex_frame0_mask.jpg,no,1,Nov_2020
18_butterfly_covid.mp4,Butterfly,Convex,COVID,880,1080,18_butterfly_covid_prc.avi,820,820,yes,no,,,18_butterfly_covid_prc_convex_frame0_mask.jpg,no,1,Nov_2020
19_butterfly_covid.mp4,Butterfly,Convex,COVID,880,1080,19_butterfly_covid_prc.avi,820,820,yes,no,,,19_butterfly_covid_prc_convex_frame0_mask.jpg,no,1,Nov_2020
20_butterfly_normal.mp4,Butterfly,Convex,Normal,720,1236,20_butterfly_normal_prc.avi,594,594,yes,yes,"21-31,47-51,55,59-60,67,728-732","41-46,56-58,68-178,185-589,662-727",20_butterfly_normal_prc_convex_frame0_mask.jpg,no,1,Nov_2020
21_butterfly_normal.mp4,Butterfly,Convex,Normal,880,1080,21_butterfly_normal_prc.avi,820,820,yes,no,,,21_butterfly_normal_prc_convex_frame0_mask.jpg,no,1,Nov_2020
22_butterfly_covid.mp4,Butterfly,Convex,COVID,720,1236,22_butterfly_covid_prc.avi,642,642,yes,yes,"123-142,159-162,172-187,1291-1305","154-158,170-171,188-952,958-1015,1035-1290",22_butterfly_covid_prc_convex_frame0_mask.jpg,no,1,Nov_2020
23_grepmed_pneumonia.mp4,GrepMed,Linear,Pneumonia,816,540,23_grepmed_pneumonia_prc.avi,408,408,yes,no,,,23_grepmed_pneumonia_prc_linear_frame0_mask.jpg,no,1,Nov_2020
24_grepmed_covid.mp4,GrepMed,Convex,COVID,960,720,24_grepmed_covid_prc.avi,500,720,yes,no,,,24_grepmed_covid_prc_convex_frame0_mask.jpg,no,1,Nov_2020
25_grepmed_pneumonia.mp4,GrepMed,Convex,Pneumonia,1280,720,25_grepmed_pneumonia_prc.avi,665,665,yes,no,,300-417,25_grepmed_pneumonia_prc_convex_frame0_mask.jpg,yes,1,Nov_2020
26_grepmed_covid.mp4,GrepMed,Convex,COVID,720,720,26_grepmed_covid_prc.avi,382,382,yes,no,,,26_grepmed_covid_prc_convex_frame0_mask.jpg,no,1,Nov_2020
27_grepmed_pneumonia.mp4,GrepMed,Convex,Pneumonia,480,360,27_grepmed_pneumonia_prc.avi,345,345,yes,no,,,27_grepmed_pneumonia_prc_convex_frame0_mask.jpg,no,1,Nov_2020
28_grepmed_normal.mp4,GrepMed,Linear,Normal,302,336,28_grepmed_normal_prc.avi,302,302,no,no,,,,no,1,Nov_2020
29_grepmed_covid.mp4,GrepMed,Linear,COVID,600,436,29_grepmed_covid_prc.avi,410,315,no,no,,,,no,1,Nov_2020
30_grepmed_covid.mp4,GrepMed,Convex,COVID,800,652,30_grepmed_covid_prc.avi,465,625,yes,no,,,30_grepmed_covid_prc_convex_frame0_mask.jpg,no,1,Nov_2020
31_grepmed_covid.mp4,GrepMed,Convex,COVID,720,1076,31_grepmed_covid_prc.avi,608,608,yes,no,,,31_grepmed_covid_prc_convex_frame0_mask.jpg,no,1,Nov_2020
32_grepmed_pneumonia.mp4,GrepMed,Linear,Pneumonia,816,540,32_grepmed_pneumonia_prc.avi,410,300,no,no,,,,no,1,Nov_2020
33_grepmed_covid.mp4,GrepMed,Linear,COVID,960,720,33_grepmed_covid_prc.avi,500,435,no,no,,,,no,1,Nov_2020
34_grepmed_pneumonia.mp4,GrepMed,Convex,Pneumonia,800,600,34_grepmed_pneumonia_prc.avi,550,550,yes,no,,,34_grepmed_pneumonia_prc_convex_frame0_mask.jpg,no,1,Nov_2020
35_grepmed_covid.mp4,GrepMed,Convex,COVID,720,720,35_grepmed_covid_prc.avi,595,595,yes,no,,,35_grepmed_covid_prc_convex_frame0_mask.jpg,no,1,Nov_2020
36_grepmed_normal.mp4,GrepMed,Convex,Normal,720,540,36_grepmed_normal_prc.avi,540,540,yes,no,,,36_grepmed_normal_prc_convex_frame0_mask.jpg,no,1,Nov_2020
37_grepmed_pneumonia.mp4,GrepMed,Convex,Pneumonia,962,720,37_grepmed_pneumonia_prc.avi,653,653,yes,no,,,37_grepmed_pneumonia_prc_convex_frame0_mask.jpg,no,1,Nov_2020
38_grepmed_pneumonia.mp4,GrepMed,Convex,Pneumonia,800,600,38_grepmed_pneumonia_prc.avi,540,540,yes,no,,,38_grepmed_pneumonia_prc_convex_frame0_mask.jpg,no,1,Nov_2020
39_grepmed_normal.mp4,GrepMed,Linear,Normal,1280,720,39_grepmed_normal_prc.avi,685,600,no,no,,,,no,1,Nov_2020
40_grepmed_pneumonia.mp4,GrepMed,Convex,Pneumonia,500,354,40_grepmed_pneumonia_prc.avi,354,354,no,no,,,,no,1,Nov_2020
41_grepmed_pneumonia.mp4,GrepMed,Convex,Pneumonia,600,406,41_grepmed_pneumonia_prc.avi,386,386,yes,no,,,41_grepmed_pneumonia_prc_convex_frame0_mask.jpg,yes,1,Nov_2020
42_grepmed_covid.mp4,GrepMed,Convex,COVID,640,480,42_grepmed_covid_prc.avi,435,435,yes,no,,,42_grepmed_covid_prc_convex_frame0_mask.jpg,no,1,Nov_2020
43_litfl_pneumonia.mp4,Litfl,Convex,Pneumonia,720,540,43_litfl_pneumonia_prc.avi,540,540,yes,no,,,43_litfl_pneumonia_prc_convex_frame0_mask.jpg,no,1,Nov_2020
44_litfl_pneumonia.mp4,Litfl,Convex,Pneumonia,720,540,44_litfl_pneumonia_prc.avi,540,540,yes,no,,,44_litfl_pneumonia_prc_convex_frame0_mask.jpg,no,1,Nov_2020
45_litfl_pneumonia.mp4,Litfl,Convex,Pneumonia,720,540,45_litfl_pneumonia_prc.avi,540,540,yes,no,,,45_litfl_pneumonia_prc_convex_frame0_mask.jpg,no,1,Nov_2020
46_litfl_pneumonia.mp4,Litfl,Convex,Pneumonia,720,540,46_litfl_pneumonia_prc.avi,540,540,yes,no,,,46_litfl_pneumonia_prc_convex_frame0_mask.jpg,no,1,Nov_2020
47_litfl_pneumonia.mp4,Litfl,Linear,Pneumonia,720,540,47_litfl_pneumonia_prc.avi,540,465,no,no,,,,no,1,Nov_2020
48_litfl_pneumonia.mp4,Litfl,Convex,Pneumonia,720,540,48_litfl_pneumonia_prc.avi,540,540,yes,no,,,48_litfl_pneumonia_prc_convex_frame0_mask.jpg,no,1,Nov_2020
49_pocusatlas_covid.gif,PocusAtlas,Convex,COVID,600,600,49_pocusatlas_covid_prc.avi,282,282,yes,no,,,49_pocusatlas_covid_prc_convex_frame0_mask.jpg,no,1,Nov_2020
50_pocusatlas_covid.gif,PocusAtlas,Convex,COVID,600,600,50_pocusatlas_covid_prc.avi,282,282,yes,no,,,50_pocusatlas_covid_prc_convex_frame0_mask.jpg,no,1,Nov_2020
51_pocusatlas_covid.gif,PocusAtlas,Convex,COVID,600,1025,51_pocusatlas_covid_prc.avi,528,528,yes,no,,,51_pocusatlas_covid_prc_convex_frame0_mask.jpg,no,1,Nov_2020
52_pocusatlas_covid.gif,PocusAtlas,Convex,COVID,600,1025,52_pocusatlas_covid_prc.avi,528,528,yes,no,,,52_pocusatlas_covid_prc_convex_frame0_mask.jpg,no,1,Nov_2020
53_pocusatlas_covid.gif,PocusAtlas,Convex,COVID,598,430,53_pocusatlas_covid_prc.avi,320,400,yes,no,,,53_pocusatlas_covid_prc_convex_frame0_mask.jpg,yes,1,Nov_2020
54_pocusatlas_covid.gif,PocusAtlas,Convex,COVID,590,423,54_pocusatlas_covid_prc.avi,415,420,yes,no,,,54_pocusatlas_covid_prc_convex_frame0_mask.jpg,yes,1,Nov_2020
55_pocusatlas_covid.gif,PocusAtlas,Linear,COVID,600,436,55_pocusatlas_covid_prc.avi,410,315,no,no,,,,no,1,Nov_2020
56_pocusatlas_covid.gif,PocusAtlas,Convex,COVID,600,410,56_pocusatlas_covid_prc.avi,410,410,yes,no,,,56_pocusatlas_covid_prc_convex_frame0_mask.jpg,no,1,Nov_2020
57_pocusatlas_covid.gif,PocusAtlas,Linear,COVID,493,368,57_pocusatlas_covid_prc.avi,300,265,no,no,,,,no,1,Nov_2020
58_pocusatlas_covid.gif,PocusAtlas,Convex,COVID,600,450,58_pocusatlas_covid_prc.avi,450,450,yes,no,,,58_pocusatlas_covid_prc_convex_frame0_mask.jpg,yes,1,Nov_2020
59_pocusatlas_covid.gif,PocusAtlas,Linear,COVID,240,320,59_pocusatlas_covid_prc.avi,290,140,no,no,,,,no,1,Nov_2020
60_pocusatlas_covid.gif,PocusAtlas,Convex,COVID,600,384,60_pocusatlas_covid_prc.avi,384,384,yes,no,,,60_pocusatlas_covid_prc_convex_frame0_mask.jpg,yes,1,Nov_2020
61_pocusatlas_covid.gif,PocusAtlas,Convex,COVID,600,492,61_pocusatlas_covid_prc.avi,472,472,yes,no,,,61_pocusatlas_covid_prc_convex_frame0_mask.jpg,yes,1,Nov_2020
62_pocusatlas_normal.gif,PocusAtlas,Convex,Normal,492,376,62_pocusatlas_normal_prc.avi,376,376,yes,no,,,62_pocusatlas_normal_prc_convex_frame0_mask.jpg,no,1,Nov_2020
63_pocusatlas_covid.gif,PocusAtlas,Linear,COVID,440,312,63_pocusatlas_covid_prc.avi,310,318,no,no,,,,no,1,Nov_2020
64_pocusatlas_pneumonia.gif,PocusAtlas,Convex,Pneumonia,394,394,64_pocusatlas_pneumonia_prc.avi,348,348,yes,no,,,64_pocusatlas_pneumonia_prc_convex_frame0_mask.jpg,no,1,Nov_2020
65_pocusatlas_pneumonia.gif,PocusAtlas,Linear,Pneumonia,600,410,65_pocusatlas_pneumonia_prc.avi,370,245,no,no,,,,no,1,Nov_2020
66_pocusatlas_covid.gif,PocusAtlas,Convex,COVID,309,299,66_pocusatlas_covid_prc.avi,299,299,yes,no,,,66_pocusatlas_covid_prc_convex_frame0_mask.jpg,no,1,Nov_2020
67_pocusatlas_covid.gif,PocusAtlas,Linear,COVID,299,303,67_pocusatlas_covid_prc.avi,299,299,yes,no,,,67_pocusatlas_covid_prc_linear_frame0_mask.jpg,no,1,Nov_2020
68_pocusatlas_pneumonia.gif,PocusAtlas,Convex,Pneumonia,282,290,68_pocusatlas_pneumonia_prc.avi,282,282,yes,no,,,68_pocusatlas_pneumonia_prc_convex_frame0_mask.jpg,yes,1,Nov_2020
69_pocusatlas_pneumonia.gif,PocusAtlas,Convex,Pneumonia,600,450,69_pocusatlas_pneumonia_prc.avi,382,440,yes,no,,,69_pocusatlas_pneumonia_prc_convex_frame0_mask.jpg,no,1,Nov_2020
70_pocusatlas_pneumonia.gif,PocusAtlas,Convex,Pneumonia,324,249,70_pocusatlas_pneumonia_prc.avi,249,249,yes,no,,,70_pocusatlas_pneumonia_prc_convex_frame0_mask.jpg,no,1,Nov_2020
71_pocusatlas_normal.gif,PocusAtlas,Convex,Normal,600,450,71_pocusatlas_normal_prc.avi,450,450,yes,no,,,71_pocusatlas_normal_prc_convex_frame0_mask.jpg,no,1,Nov_2020
72_pocusatlas_pneumonia.gif,PocusAtlas,Convex,Pneumonia,632,414,72_pocusatlas_pneumonia_prc.avi,414,414,yes,no,,,72_pocusatlas_pneumonia_prc_convex_frame0_mask.jpg,yes,1,Nov_2020
73_pocusatlas_covid.gif,PocusAtlas,Convex,COVID,439,595,73_pocusatlas_covid_prc.avi,407,407,yes,no,,,73_pocusatlas_covid_prc_convex_frame0_mask.jpg,no,1,Nov_2020
74_pocusatlas_covid.gif,PocusAtlas,Convex,COVID,463,480,74_pocusatlas_covid_prc.avi,463,463,yes,no,,,74_pocusatlas_covid_prc_convex_frame0_mask.jpg,yes,1,Nov_2020
75_pocusatlas_pneumonia.gif,PocusAtlas,Linear,Pneumonia,600,409,75_pocusatlas_pneumonia_prc.avi,350,285,no,no,,,,no,1,Nov_2020
76_pocusatlas_normal.gif,PocusAtlas,Convex,Normal,600,338,76_pocusatlas_normal_prc.avi,338,338,yes,no,,,76_pocusatlas_normal_prc_convex_frame0_mask.jpg,yes,1,Nov_2020
77_pocusatlas_normal.gif,PocusAtlas,Convex,Normal,237,293,77_pocusatlas_normal_prc.avi,237,237,yes,no,,,77_pocusatlas_normal_prc_convex_frame0_mask.jpg,no,1,Nov_2020
78_pocusatlas_normal.gif,PocusAtlas,Linear,Normal,480,480,78_pocusatlas_normal_prc.avi,460,260,no,no,,,,no,1,Nov_2020
79_pocusatlas_pneumonia.gif,PocusAtlas,Convex,Pneumonia,442,309,79_pocusatlas_pneumonia_prc.avi,309,309,yes,no,,,79_pocusatlas_pneumonia_prc_convex_frame0_mask.jpg,yes,1,Nov_2020
80_pocusatlas_pneumonia.gif,PocusAtlas,Convex,Pneumonia,198,197,80_pocusatlas_pneumonia_prc.avi,197,197,yes,no,,,80_pocusatlas_pneumonia_prc_convex_frame0_mask.jpg,yes,1,Nov_2020
81_butterfly_covid.mp4,Butterfly,Convex,COVID,760,1080,81_butterfly_covid_prc.avi,656,656,yes,no,,,81_butterfly_covid_prc_convex_frame0_mask.jpg,no,1,Mar_2021
82_butterfly_covid.mp4,Butterfly,Convex,COVID,760,1080,82_butterfly_covid_prc.avi,656,656,yes,no,,,82_butterfly_covid_prc_convex_frame0_mask.jpg,no,1,Mar_2021
83_butterfly_covid.mp4,Butterfly,Convex,COVID,632,1080,83_butterfly_covid_prc.avi,558,558,yes,no,,,83_butterfly_covid_prc_convex_frame0_mask.jpg,no,1,Mar_2021
84_butterfly_covid.mp4,Butterfly,Convex,COVID,624,1080,84_butterfly_covid_prc.avi,544,544,yes,no,,,84_butterfly_covid_prc_convex_frame0_mask.jpg,no,1,Mar_2021
85_butterfly_covid.mp4,Butterfly,Convex,COVID,736,1080,85_butterfly_covid_prc.avi,622,622,yes,no,,,85_butterfly_covid_prc_convex_frame0_mask.jpg,no,1,Mar_2021
86_butterfly_covid.mp4,Butterfly,Convex,COVID,760,1080,86_butterfly_covid_prc.avi,656,656,yes,no,,,86_butterfly_covid_prc_convex_frame0_mask.jpg,no,1,Mar_2021
87_butterfly_covid.mp4,Butterfly,Convex,COVID,736,1080,87_butterfly_covid_prc.avi,640,640,yes,no,,,87_butterfly_covid_prc_convex_frame0_mask.jpg,no,1,Mar_2021
88_butterfly_covid.mp4,Butterfly,Convex,COVID,760,1080,88_butterfly_covid_prc.avi,658,658,yes,no,,,88_butterfly_covid_prc_convex_frame0_mask.jpg,no,1,Mar_2021
89_butterfly_covid.mp4,Butterfly,Convex,COVID,736,1080,89_butterfly_covid_prc.avi,640,640,yes,no,,,89_butterfly_covid_prc_convex_frame0_mask.jpg,no,1,Mar_2021
90_butterfly_covid.mp4,Butterfly,Convex,COVID,760,1080,90_butterfly_covid_prc.avi,656,656,yes,no,,,90_butterfly_covid_prc_convex_frame0_mask.jpg,no,1,Mar_2021
91_butterfly_covid.mp4,Butterfly,Convex,COVID,736,1080,91_butterfly_covid_prc.avi,640,640,yes,no,,,91_butterfly_covid_prc_convex_frame0_mask.jpg,no,1,Mar_2021
92_butterfly_covid.mp4,Butterfly,Convex,COVID,736,1080,92_butterfly_covid_prc.avi,642,642,yes,no,,,92_butterfly_covid_prc_convex_frame0_mask.jpg,no,1,Mar_2021
93_butterfly_covid.mp4,Butterfly,Convex,COVID,736,1080,93_butterfly_covid_prc.avi,642,642,yes,no,,,93_butterfly_covid_prc_convex_frame0_mask.jpg,no,1,Mar_2021
94_butterfly_covid.mp4,Butterfly,Convex,COVID,760,1080,94_butterfly_covid_prc.avi,658,658,yes,no,,,94_butterfly_covid_prc_convex_frame0_mask.jpg,no,1,Mar_2021
95_litfl_other.mp4,Litfl,Linear,Other,480,360,95_litfl_other_prc.avi,360,310,no,no,,,,,1.2,Apr_2021
96_litfl_other.mp4,Litfl,Linear,Other,480,360,96_litfl_other_prc.avi,360,360,no,no,,,,,1.2,Apr_2021
97_litfl_other.mp4,Litfl,Convex,Other,480,360,97_litfl_other_prc.avi,360,360,yes,no,,,97_litfl_other_prc_convex_frame0_mask.jpg,no,1.2,Apr_2021
98_litfl_other.mp4,Litfl,Convex,Other,480,360,98_litfl_other_prc.avi,360,360,yes,no,,,98_litfl_other_prc_convex_frame0_mask.jpg,no,1.2,Apr_2021
99_litfl_other.mp4,Litfl,Linear,Other,480,360,99_litfl_other_prc.avi,335,472,yes,no,,,99_litfl_other_prc_linear_frame0_mask.jpg,no,1.2,Apr_2021
100_litfl_other.mp4,Litfl,Convex,Other,480,360,100_litfl_other_prc.avi,360,360,yes,no,,,100_litfl_other_prc_convex_frame0_mask.jpg,no,1.2,Apr_2021
101_litfl_other.mp4,Litfl,Convex,Other,480,360,101_litfl_other_prc.avi,360,360,yes,no,,,101_litfl_other_prc_convex_frame0_mask.jpg,no,1.2,Apr_2021
102_litfl_other.mp4,Litfl,Convex,Other,480,360,102_litfl_other_prc.avi,360,360,yes,no,,,102_litfl_other_prc_convex_frame0_mask.jpg,no,1.2,Apr_2021
103_litfl_other.mp4,Litfl,Linear,Other,480,360,103_litfl_other_prc.avi,335,462,no,no,,,,,1.2,Apr_2021
104_litfl_other.mp4,Litfl,Linear,Other,480,360,104_litfl_other_prc.avi,340,463,no,no,,,,,1.2,Apr_2021
105_litfl_other.mp4,Litfl,Convex,Other,480,360,105_litfl_other_prc.avi,360,360,yes,no,,,105_litfl_other_prc_convex_frame0_mask.jpg,no,1.2,Apr_2021
106_litfl_other.mp4,Litfl,Linear,Other,480,360,106_litfl_other_prc.avi,360,380,no,no,,,,,1.2,Apr_2021
107_litfl_other.mp4,Litfl,Convex,Other,480,360,107_litfl_other_prc.avi,360,360,yes,no,,,107_litfl_other_prc_convex_frame0_mask.jpg,no,1.2,Apr_2021
108_litfl_other.mp4,Litfl,Convex,Other,480,360,108_litfl_other_prc.avi,360,360,yes,no,,,108_litfl_other_prc_convex_frame0_mask.jpg,no,1.2,Apr_2021
109_litfl_other.mp4,Litfl,Linear,Other,480,360,109_litfl_other_prc.avi,360,480,no,no,,,,,1.2,Apr_2021
110_litfl_other.mp4,Litfl,Linear,Other,480,360,110_litfl_other_prc.avi,350,468,yes,no,,,110_litfl_other_prc_linear_frame0_mask.jpg,no,1.2,Apr_2021
111_litfl_other.mp4,Litfl,Convex,Other,480,360,111_litfl_other_prc.avi,360,360,yes,no,,,111_litfl_other_prc_convex_frame0_mask.jpg,no,1.2,Apr_2021
112_litfl_other.mp4,Litfl,Linear,Other,480,360,112_litfl_other_prc.avi,355,470,yes,no,,,112_litfl_other_prc_linear_frame0_mask.jpg,no,1.2,Apr_2021
113_litfl_other.mp4,Litfl,Convex,Other,480,360,113_litfl_other_prc.avi,360,360,yes,no,,,113_litfl_other_prc_convex_frame0_mask.jpg,no,1.2,Apr_2021
114_litfl_other.mp4,Litfl,Convex,Other,480,360,114_litfl_other_prc.avi,360,360,yes,no,,,114_litfl_other_prc_convex_frame0_mask.jpg,no,1.2,Apr_2021
115_litfl_other.mp4,Litfl,Convex,Other,480,360,115_litfl_other_prc.avi,360,360,yes,no,,,115_litfl_other_prc_convex_frame0_mask.jpg,no,1.2,Apr_2021
116_litfl_other.mp4,Litfl,Convex,Other,480,360,116_litfl_other_prc.avi,360,360,yes,no,,,116_litfl_other_prc_convex_frame0_mask.jpg,no,1.2,Apr_2021
117_litfl_other.mp4,Litfl,Convex,Other,480,360,117_litfl_other_prc.avi,360,360,yes,no,,,117_litfl_other_prc_convex_frame0_mask.jpg,no,1.2,Apr_2021
118_litfl_other.mp4,Litfl,Convex,Other,480,360,118_litfl_other_prc.avi,360,360,yes,no,,,118_litfl_other_prc_convex_frame0_mask.jpg,no,1.2,Apr_2021
119_litfl_other.mp4,Litfl,Convex,Other,480,360,119_litfl_other_prc.avi,360,360,yes,no,,,119_litfl_other_prc_convex_frame0_mask.jpg,no,1.2,Apr_2021
120_litfl_other.mp4,Litfl,Convex,Other,480,360,120_litfl_other_prc.avi,360,360,yes,no,,,120_litfl_other_prc_convex_frame0_mask.jpg,no,1.2,Apr_2021
121_litfl_pneumonia.mp4,Litfl,Convex,Pneumonia,480,360,121_litfl_pneumonia_prc.avi,360,360,yes,no,,,121_litfl_pneumonia_prc_convex_frame0_mask.jpg,no,1.1,Mar_2021
122_litfl_pneumonia.mp4,Litfl,Convex,Pneumonia,480,360,122_litfl_pneumonia_prc.avi,360,360,yes,no,,,122_litfl_pneumonia_prc_convex_frame0_mask.jpg,no,1.1,Mar_2021
123_litfl_pneumonia.mp4,Litfl,Convex,Pneumonia,480,360,123_litfl_pneumonia_prc.avi,360,360,yes,no,,,123_litfl_pneumonia_prc_convex_frame0_mask.jpg,no,1.1,Mar_2021
124_litfl_pneumonia.mp4,Litfl,Linear,Pneumonia,480,360,124_litfl_pneumonia_prc.avi,420,354,yes,no,,,124_litfl_pneumonia_prc_linear_frame0_mask.jpg,no,1.1,Mar_2021
125_litfl_pneumonia.mp4,Litfl,Linear,Pneumonia,480,360,125_litfl_pneumonia_prc.avi,460,360,yes,no,,,125_litfl_pneumonia_prc_linear_frame0_mask.jpg,no,1.1,Mar_2021
126_litfl_pneumonia.mp4,Litfl,Linear,Pneumonia,480,360,126_litfl_pneumonia_prc.avi,460,360,yes,no,,,126_litfl_pneumonia_prc_linear_frame0_mask.jpg,no,1.1,Mar_2021
127_litfl_pneumonia.mp4,Litfl,Convex,Pneumonia,480,360,127_litfl_pneumonia_prc.avi,360,360,yes,no,,,127_litfl_pneumonia_prc_convex_frame0_mask.jpg,no,1.1,Mar_2021
128_litfl_pneumonia.mp4,Litfl,Convex,Pneumonia,480,360,128_litfl_pneumonia_prc.avi,360,360,yes,no,,,128_litfl_pneumonia_prc_convex_frame0_mask.jpg,no,1.1,Mar_2021
129_litfl_pneumonia.mp4,Litfl,Convex,Pneumonia,480,360,129_litfl_pneumonia_prc.avi,360,360,yes,no,,,129_litfl_pneumonia_prc_convex_frame0_mask.jpg,no,1.1,Mar_2021
130_litfl_pneumonia.mp4,Litfl,Convex,Pneumonia,480,360,130_litfl_pneumonia_prc.avi,360,360,yes,no,,,130_litfl_pneumonia_prc_convex_frame0_mask.jpg,no,1.1,Mar_2021
131_litfl_pneumonia.mp4,Litfl,Convex,Pneumonia,480,360,131_litfl_pneumonia_prc.avi,360,360,yes,no,,,131_litfl_pneumonia_prc_convex_frame0_mask.jpg,no,1.1,Mar_2021
132_litfl_pneumonia.mp4,Litfl,Convex,Pneumonia,480,360,132_litfl_pneumonia_prc.avi,360,360,yes,no,,,132_litfl_pneumonia_prc_convex_frame0_mask.jpg,no,1.1,Mar_2021
133_litfl_other.mp4,Litfl,Linear,Other,480,360,133_litfl_other_prc.avi,360,410,no,no,,,,,1.2,Apr_2021
134_litfl_other.mp4,Litfl,Linear,Other,480,360,134_litfl_other_prc.avi,355,400,no,no,,,,,1.2,Apr_2021
135_litfl_normal.mp4,Litfl,Linear,Normal,480,360,135_litfl_normal_prc.avi,410,360,no,no,,,,,1.1,Mar_2021
136_litfl_other.mp4,Litfl,Linear,Other,480,360,136_litfl_other_prc.avi,360,410,no,no,,,,,1.2,Apr_2021
137_litfl_other.mp4,Litfl,Linear,Other,480,360,137_litfl_other_prc.avi,330,470,no,no,,,,,1.2,Apr_2021
138_litfl_normal.mp4,Litfl,Linear,Normal,480,360,138_litfl_normal_prc.avi,460,360,yes,no,,,138_litfl_normal_prc_linear_frame0_mask.jpg,no,1.1,Mar_2021
139_litfl_normal.mp4,Litfl,Linear,Normal,480,384,139_litfl_normal_prc.avi,430,384,no,no,,,,,1.1,Mar_2021
140_litfl_other.mp4,Litfl,Linear,Other,480,384,140_litfl_other_prc.avi,365,428,no,no,,,,,1.2,Apr_2021
141_litfl_other.mp4,Litfl,Convex,Other,480,384,141_litfl_other_prc.avi,384,384,yes,no,,,141_litfl_other_prc_convex_frame0_mask.jpg,no,1.2,Apr_2021
142_litfl_other.mp4,Litfl,Linear,Other,480,360,142_litfl_other_prc.avi,340,430,no,no,,,,,1.2,Apr_2021
143_litfl_other.mp4,Litfl,Linear,Other,480,360,143_litfl_other_prc.avi,360,405,no,no,,,,,1.2,Apr_2021
144_litfl_other.mp4,Litfl,Linear,Other,480,360,144_litfl_other_prc.avi,360,405,no,no,,,,,1.2,Apr_2021
145_litfl_other.mp4,Litfl,Convex,Other,480,360,145_litfl_other_prc.avi,360,360,yes,no,,,145_litfl_other_prc_convex_frame0_mask.jpg,no,1.2,Apr_2021
146_litfl_other.mp4,Litfl,Convex,Other,480,360,146_litfl_other_prc.avi,360,360,yes,no,,,146_litfl_other_prc_convex_frame0_mask.jpg,no,1.2,Apr_2021
147_litfl_other.mp4,Litfl,Convex,Other,480,360,147_litfl_other_prc.avi,360,360,yes,no,,,147_litfl_other_prc_convex_frame0_mask.jpg,no,1.2,Apr_2021
148_litfl_other.mp4,Litfl,Convex,Other,480,360,148_litfl_other_prc.avi,360,360,yes,no,,,148_litfl_other_prc_convex_frame0_mask.jpg,no,1.2,Apr_2021
149_litfl_other.mp4,Litfl,Convex,Other,480,360,149_litfl_other_prc.avi,360,360,yes,no,,,149_litfl_other_prc_convex_frame0_mask.jpg,no,1.2,Apr_2021
150_litfl_other.mp4,Litfl,Convex,Other,480,360,150_litfl_other_prc.avi,360,360,yes,no,,,150_litfl_other_prc_convex_frame0_mask.jpg,no,1.2,Apr_2021
151_litfl_pneumonia.mp4,Litfl,Convex,Pneumonia,480,360,151_lifl_pneumonia_prc.avi,360,360,yes,no,,,151_litfl_pneumonia_prc_convex_frame0_mask.jpg,no,1.1,Mar_2021
152_radio_normal.mp4,Radiopaedia,Convex,Normal,314,270,152_radio_normal_prc.avi,270,270,no,no,,,,,1.3,Apr_2021
153_radio_pneumonia.mp4,Radiopaedia,Convex,Pneumonia,338,314,153_radio_pneumonia_prc.avi,306,306,yes,no,,,153_radio_pneumonia_prc_convex_frame0_mask.jpg,no,1.3,Apr_2021
154_radio_other.mp4,Radiopaedia,Convex,Other,522,386,154_radio_other_prc.avi,386,386,yes,no,,,154_radio_other_prc_convex_frame0_mask.jpg,no,1.3,Apr_2021
155_radio_other.mp4,Radiopaedia,Convex,Other,520,386,155_radio_other_prc.avi,386,386,yes,no,,,155_radio_other_prc_convex_frame0_mask.jpg,no,1.3,Apr_2021
156_radio_other.mp4,Radiopaedia,Convex,Other,562,490,156_radio_other_prc.avi,490,490,no,no,,,,,1.3,Apr_2021
157_core_other.mp4,CoreUltrasound,Convex,Other,928,464,157_core_other_prc.avi,464,464,yes,no,,,157_core_other_prc_convex_frame0_mask.jpg,no,1.3,Apr_2021
158_core_pneumonia.mp4,CoreUltrasound,Convex,Pneumonia,1920,1080,158_core_pneumonia_prc.avi,730,730,yes,no,,,158_core_pneumonia_prc_convex_frame0_mask.jpg,no,1.3,Apr_2021
159_core_other.mp4,CoreUltrasound,Convex,Other,1920,840,159_core_other_prc.avi,840,925,yes,no,,,159_core_other_prc_convex_frame0_mask.jpg,no,1.3,Apr_2021
160_core_other.mp4,CoreUltrasound,Convex,Other,1920,840,160_core_other_prc.avi,707,995,yes,no,,,160_core_other_prc_convex_frame0_mask.jpg,no,1.3,Apr_2021
161_core_other.mp4,CoreUltrasound,Linear,Other,1920,1080,161_core_other_prc.avi,900,1010,yes,no,,,161_core_other_prc_linear_frame0_mask.jpg,no,1.3,Apr_2021
162_core_other.mp4,CoreUltrasound,Linear,Other,1920,1080,162_core_other_prc.avi,900,810,yes,no,,,162_core_other_prc_linear_frame0_mask.jpg,no,1.3,Apr_2021
163_core_other.mp4,CoreUltrasound,Convex,Other,792,470,163_core_other_prc.avi,470,470,yes,no,,,163_core_other_prc_convex_frame0_mask.jpg,no,1.3,Apr_2021
164_core_normal.mp4,CoreUltrasound,Linear,Normal,792,484,164_core_normal_prc.avi,465,310,yes,no,,,164_core_normal_prc_linear_frame0_mask.jpg,no,1.3,Apr_2021
165_core_other.mp4,CoreUltrasound,Linear,Other,792,470,165_core_other_prc.avi,460,325,no,no,,,,,1.3,Apr_2021
166_core_other.mp4,CoreUltrasound,Convex,Other,792,470,166_core_other_prc.avi,470,470,yes,no,,,166_core_other_prc_convex_frame0_mask.jpg,no,1.3,Apr_2021
167_core_other.mp4,CoreUltrasound,Linear,Other,792,470,167_core_other_prc.avi,460,325,yes,no,,,167_core_other_prc_linear_frame0_mask.jpg,no,1.3,Apr_2021
168_core_other.mp4,CoreUltrasound,Linear,Other,792,470,168_core_other_prc.avi,460,325,yes,no,,,168_core_other_prc_linear_frame0_mask.jpg,no,1.3,Apr_2021
169_core_other.mp4,CoreUltrasound,Convex,Other,792,470,169_core_other_prc.avi,470,470,yes,no,,,169_core_other_prc_convex_frame0_mask.jpg,no,1.3,Apr_2021
170_core_pneumonia.mp4,CoreUltrasound,Convex,Pneumonia,792,470,170_core_pneumonia_prc.avi,470,470,yes,no,,,170_core_pneumonia_prc_convex_frame0_mask.jpg,no,1.3,Apr_2021
171_core_pneumonia.mp4,CoreUltrasound,Linear,Pneumonia,792,470,171_core_pneumonia_prc.avi,460,240,no,no,,,,,1.3,Apr_2021
172_core_other.mp4,CoreUltrasound,Convex,Other,792,470,172_core_other_prc.avi,470,470,yes,no,,,172_core_other_prc_convex_frame0_mask.jpg,no,1.3,Apr_2021
173_core_other.mp4,CoreUltrasound,Linear,Other,792,470,173_core_other_prc.avi,420,370,no,no,,,,,1.3,Apr_2021
174_core_covid.mp4,CoreUltrasound,Convex,COVID,1920,1080,174_core_covid_prc.avi,730,800,yes,no,,,174_core_covid_prc_convex_frame0_mask.jpg,no,1.3,Apr_2021
175_uf_normal.mp4,UF,Convex,Normal,800,600,175_uf_normal_prc.avi,480,480,no,no,,,,,1.4,Jul_2021
176_uf_normal.wmv,UF,Convex,Normal,800,600,176_uf_normal_prc.avi,512,512,yes,no,,,176_uf_normal_prc_convex_frame0_mask.jpg,no,1.4,Jul_2021
177_uf_normal.wmv,UF,Convex,Normal,800,600,177_uf_normal_prc.avi,528,528,yes,no,,,177_uf_normal_prc_convex_frame0_mask.jpg,no,1.4,Jul_2021
178_uf_other.mp4,UF,Convex,Other,1276,856,178_uf_other_prc.avi,856,856,yes,no,,0-30,"178_uf_other_prc_convex_frame31_60_mask.jpg,178_uf_other_prc_convex_frame61_406_mask.jpg",no,1.4,Jul_2021
179_uf_other.wmv,UF,Convex,Other,800,600,179_uf_other_prc.avi,528,528,yes,no,,,179_uf_other_prc_convex_frame0_mask.jpg,no,1.4,Jul_2021
180_uf_normal.wmv,UF,Convex,Normal,800,600,180_uf_normal_prc.avi,528,528,no,no,,,,,1.4,Jul_2021
181_uf_other.wmv,UF,Convex,Other,800,600,181_uf_other_prc.avi,528,528,yes,no,,,181_uf_other_prc_convex_frame0_mask.jpg,no,1.4,Jul_2021
182_uf_other.wmv,UF,Convex,Other,800,600,182_uf_other_prc.avi,528,528,no,no,,,,,1.4,Jul_2021
183_uf_other.mp4,UF,Convex,Other,800,600,183_uf_other_prc.avi,528,528,yes,no,,,183_uf_other_prc_convex_frame0_mask.jpg,no,1.4,Jul_2021
184_uf_pneumonia.mp4,UF,Convex,Pneumonia,1276,856,184_uf_pneumonia_prc.avi,856,856,yes,no,,0-30,184_uf_pneumonia_prc_convex_frame0_mask.jpg,no,1.4,Jul_2021
185_uf_other.mp4,UF,Convex,Other,800,600,185_uf_other_prc.avi,528,528,no,no,,,,,1.4,Jul_2021
186_uf_other.wmv,UF,Convex,Other,800,600,186_uf_other_prc.avi,528,528,yes,no,,,186_uf_other_prc_convex_frame0_mask.jpg,no,1.4,Jul_2021
187_uf_other.mp4,UF,Linear,Other,480,320,187_uf_other_prc.avi,296,310,no,no,,,,,1.4,Jul_2021
188_uf_other.wmv,UF,Convex,Other,800,600,188_uf_other_prc.avi,528,528,yes,no,,,188_uf_other_prc_convex_frame0_mask.jpg,no,1.4,Jul_2021
189_uf_other.wmv,UF,Convex,Other,800,600,189_uf_other_prc.avi,528,528,no,no,,,,,1.4,Jul_2021
190_uf_normal.wmv,UF,Convex,Normal,800,600,190_uf_normal_prc.avi,528,528,yes,no,,,190_uf_normal_prc_convex_frame0_mask.jpg,no,1.4,Jul_2021
191_uf_normal.wmv,UF,Convex,Normal,800,600,191_uf_normal_prc.avi,543,543,yes,no,,,191_uf_normal_prc_convex_frame0_mask.jpg,no,1.4,Jul_2021
192_uf_other.mp4,UF,Linear,Other,800,600,192_uf_other_prc.avi,545,510,yes,no,,,192_uf_other_prc_linear_frame0_mask.jpg,no,1.4,Jul_2021
193_uf_other.wmv,UF,Convex,Other,800,600,193_uf_other_prc.avi,555,555,yes,no,,,193_uf_other_prc_convex_frame0_mask.jpg,no,1.4,Jul_2021
194_uf_other.mov,UF,Convex,Other,800,600,194_uf_other_prc.avi,528,528,no,no,,,,,1.4,Jul_2021
195_uf_other.mov,UF,Convex,Other,800,600,195_uf_other_prc.avi,528,528,no,no,,,,,1.4,Jul_2021
196_uf_other.mp4,UF,Convex,Other,800,600,196_uf_other_prc.avi,528,528,no,no,,,,,1.4,Jul_2021
197_uf_other.mp4,UF,Convex,Other,480,320,197_uf_other_prc.avi,285,285,yes,no,,,197_uf_other_prc_convex_frame0_mask.jpg,no,1.4,Jul_2021
198_uf_other.wmv,UF,Convex,Other,800,600,198_uf_other_prc.avi,570,570,yes,no,,,198_uf_other_prc_convex_frame0_mask.jpg,no,1.4,Jul_2021
199_paper_covid.mp4,Paper,Convex,COVID,640,480,199_paper_covid_prc.avi,466,466,yes,no,,,199_paper_covid_prc_convex_frame0_mask.jpg,no,1.4,Jul_2021
200_paper_covid.avi,Paper,Convex,COVID,640,480,200_paper_covid_prc.avi,466,466,yes,no,,,200_paper_covid_prc_convex_frame0_mask.jpg,no,1.4,Jul_2021
201_paper_covid.mov,Paper,Convex,COVID,1068,800,201_paper_covid_prc.avi,680,680,yes,no,,,201_paper_covid_prc_convex_frame0_mask.jpg,no,1.4,Jul_2021
202_paper_covid.mov,Paper,Convex,COVID,1068,800,202_paper_covid_prc.avi,680,680,yes,no,,,202_paper_covid_prc_convex_frame0_mask.jpg,no,1.4,Jul_2021
203_paper_covid.mov,Paper,Convex,COVID,1068,800,203_paper_covid_prc.avi,680,680,yes,no,,,203_paper_covid_prc_convex_frame0_mask.jpg,no,1.4,Jul_2021
204_paper_covid.mov,Paper,Convex,COVID,1068,800,204_paper_covid_prc.avi,680,680,yes,no,,,204_paper_covid_prc_convex_frame0_mask.jpg,no,1.4,Jul_2021
205_paper_covid.mov,Paper,Convex,COVID,1068,800,205_paper_covid_prc.avi,680,680,yes,no,,,205_paper_covid_prc_convex_frame0_mask.jpg,no,1.4,Jul_2021
206_paper_normal.mp4,Paper,Convex,Normal,800,600,206_paper_normal_prc.avi,600,600,yes,no,,,206_paper_normal_prc_convex_frame0_mask.jpg,no,1.4,Jul_2021
207_paper_normal.mp4,Paper,Linear,Normal,800,600,207_paper_normal_prc.avi,600,350,no,no,,,,,1.4,Jul_2021
208_paper_normal.mp4,Paper,Linear,Normal,428,536,208_paper_normal_prc.avi,536,418,no,no,,,,,1.4,Jul_2021
209_paper_other.mp4,Paper,Linear,Other,800,600,209_paper_other_prc.avi,570,250,no,no,,,,,1.4,Jul_2021
210_paper_other.mp4,Paper,Convex,Other,800,600,210_paper_other_prc.avi,600,600,yes,no,,,210_paper_other_prc_convex_frame0_mask.jpg,no,1.4,Jul_2021
211_paper_other.mp4,Paper,Convex,Other,720,720,211_paper_other_prc.avi,548,548,yes,no,,,211_paper_other_prc_convex_frame0_mask.jpg,no,1.4,Jul_2021
212_paper_other.mp4,Paper,Convex,Other,800,600,212_paper_other_prc.avi,600,600,yes,no,,,212_paper_other_prc_convex_frame0_mask.jpg,no,1.4,Jul_2021
213_paper_other.mp4,Paper,Convex,Other,800,600,213_paper_other_prc.avi,600,600,yes,no,,,213_paper_other_prc_convex_frame0_mask.jpg,no,1.4,Jul_2021
214_paper_other.mp4,Paper,Convex,Other,800,600,214_paper_other_prc.avi,600,600,yes,no,,,214_paper_other_prc_convex_frame0_mask.jpg,no,1.4,Jul_2021
215_paper_other.mp4,Paper,Convex,Other,800,600,215_paper_other_prc.avi,600,600,yes,no,,,215_paper_other_prc_convex_frame0_mask.jpg,no,1.4,Jul_2021
216_clarius_other.mp4,Clarius,Convex,Other,270,392,216_clarius_other_prc.avi,270,270,yes,no,,,216_clarius_other_prc_convex_frame0_mask.jpg,no,1.4,Jul_2021
217_clarius_normal.mp4,Clarius,Convex,Normal,886,1350,217_clarius_normal_prc.avi,886,886,yes,no,,,217_clarius_normal_prc_convex_frame0_mask.jpg,no,1.4,Jul_2021
218_clarius_covid.gif,Clarius,Convex,COVID,600,400,218_clarius_covid_prc.avi,400,400,no,no,,,,,1.4,Jul_2021
219_clarius_covid.gif,Clarius,Linear,COVID,600,400,219_clarius_covid_prc.avi,400,600,no,no,,,,,1.4,Jul_2021
220_clarius_covid.gif,Clarius,Convex,COVID,600,400,220_clarius_covid_prc.avi,400,400,no,no,,,,,1.4,Jul_2021
221_clarius_covid.gif,Clarius,Convex,COVID,600,400,221_clarius_covid_prc.avi,400,400,no,no,,,,,1.4,Jul_2021
222_clarius_other.mp4,Clarius,Convex,Other,436,800,222_clarius_other_prc.avi,436,436,yes,no,,,222_clarius_other_prc_convex_frame0_mask.jpg,no,1.4,Jul_2021
223_clarius_other.mp4,Clarius,Convex,Other,436,800,223_clarius_other_prc.avi,436,436,yes,no,,,223_clarius_other_prc_convex_frame0_mask.jpg,no,1.4,Jul_2021
224_clarius_normal.mp4,Clarius,Convex,Normal,436,800,224_clarius_normal_prc.avi,436,436,yes,no,,,224_clarius_normal_prc_convex_frame0_mask.jpg,no,1.4,Jul_2021
225_clarius_other.mp4,Clarius,Convex,Other,436,800,225_clarius_other_prc.avi,436,436,yes,no,,,225_clarius_other_prc_convex_frame0_mask.jpg,no,1.4,Jul_2021
226_clarius_other.mp4,Clarius,Convex,Other,554,800,226_clarius_other_prc.avi,554,554,yes,no,,,226_clarius_other_prc_convex_frame0_mask.jpg,no,1.4,Jul_2021
227_clarius_other.mp4,Clarius,Convex,Other,554,800,227_clarius_other_prc.avi,554,554,yes,no,,,227_clarius_other_prc_convex_frame0_mask.jpg,no,1.4,Jul_2021
228_clarius_other.mp4,Clarius,Convex,Other,554,800,228_clarius_other_prc.avi,554,554,yes,no,,,228_clarius_other_prc_convex_frame0_mask.jpg,no,1.4,Jul_2021
229_clarius_pneumonia.mp4,Clarius,Convex,Pneumonia,800,458,229_clarius_pneumonia_prc.avi,458,458,yes,no,,,229_clarius_pneumonia_prc_convex_frame0_mask.jpg,no,1.4,Jul_2021
230_clarius_pneumonia.mp4,Clarius,Convex,Pneumonia,800,458,230_clarius_pneumonia_prc.avi,458,458,no,no,,,,,1.4,Jul_2021
231_clarius_pneumonia.mp4,Clarius,Convex,Pneumonia,800,458,231_clarius_pneumonia_prc.avi,458,458,yes,no,,,231_clarius_pneumonia_prc_convex_frame0_mask.jpg,no,1.4,Jul_2021
232_clarius_pneumonia.mp4,Clarius,Convex,Pneumonia,800,458,232_clarius_pneumonia_prc.avi,458,458,yes,no,,,232_clarius_pneumonia_prc_convex_frame0_mask.jpg,no,1.4,Jul_2021
233_clarius_pneumonia.mp4,Clarius,Convex,Pneumonia,800,458,233_clarius_pneumonia_prc.avi,458,458,yes,no,,,233_clarius_pneumonia_prc_convex_frame0_mask.jpg,no,1.4,Jul_2021
234_clarius_pneumonia.mp4,Clarius,Convex,Pneumonia,800,458,234_clarius_pneumonia_prc.avi,458,458,yes,no,,,234_clarius_pneumonia_prc_convex_frame0_mask.jpg,no,1.4,Jul_2021
235_clarius_pneumonia.mp4,Clarius,Convex,Pneumonia,800,458,235_clarius_pneumonia_prc.avi,458,458,yes,no,,,235_clarius_pneumonia_prc_convex_frame0_mask.jpg,no,1.4,Jul_2021
236_clarius_normal.mp4,Clarius,Convex,Normal,800,482,236_clarius_normal_prc.avi,482,482,no,no,,,,,1.4,Jul_2021
237_clarius_other.mp4,Clarius,Convex,Other,800,458,237_clarius_other_prc.avi,458,458,yes,no,,,237_clarius_other_prc_convex_frame0_mask.jpg,no,1.4,Jul_2021
238_clarius_other.mp4,Clarius,Convex,Other,552,800,238_clarius_other_prc.avi,552,552,yes,no,,,238_clarius_other_prc_convex_frame0_mask.jpg,no,1.4,Jul_2021
239_paper_normal.avi,Paper,Convex,Normal,720,512,239_paper_normal_prc.avi,512,512,yes,no,,,239_paper_normal_prc_convex_frame0_mask.jpg,no,1.4,Jul_2021
240_paper_other.avi,Paper,Convex,Other,720,512,240_paper_other_prc.avi,512,512,yes,no,,,240_paper_other_prc_convex_frame0_mask.jpg,no,1.4,Jul_2021
241_paper_other.avi,Paper,Convex,Other,720,512,241_paper_other_prc.avi,512,512,yes,no,,,241_paper_other_prc_convex_frame0_mask.jpg,no,1.4,Jul_2021
242_paper_other.avi,Paper,Convex,Other,720,512,242_paper_other_prc.avi,512,512,yes,no,,,242_paper_other_prc_convex_frame0_mask.jpg,no,1.4,Jul_2021
243_paper_other.avi,Paper,Convex,Other,720,512,243_paper_other_prc.avi,512,512,yes,no,,,243_paper_other_prc_convex_frame0_mask.jpg,no,1.4,Jul_2021
